{"cameraMode":{"drawMode":0,"name":"Shaded","section":"Shading Mode"},"sceneLighting":true,"audioPlay":false,"sceneViewState":{"showFog":true,"showMaterialUpdate":false,"showSkybox":true,"showFlares":true,"showImageEffects":true,"showParticleSystems":true,"showVisualEffectGraphs":true,"m_FxEnabled":true},"in2DMode":false,"pivot":{"x":36.69435119628906,"y":18.720884323120118,"z":33.17983627319336},"rotation":{"x":-0.005999862682074308,"y":-0.0023983761202543976,"z":-0.000011757706488424446,"w":0.9999857544898987},"size":28.04581069946289,"orthographic":false}