{"cameraMode":{"drawMode":0,"name":"Shaded","section":"Shading Mode"},"sceneLighting":true,"audioPlay":false,"sceneViewState":{"showFog":true,"showMaterialUpdate":false,"showSkybox":true,"showFlares":true,"showImageEffects":true,"showParticleSystems":true,"showVisualEffectGraphs":true,"m_FxEnabled":true},"in2DMode":false,"pivot":{"x":-193.68487548828126,"y":-869.9117431640625,"z":-107.69973754882813},"rotation":{"x":-0.03599113970994949,"y":0.008983191102743149,"z":-0.00032611837377771735,"w":-0.9993144869804382},"size":148.8434600830078,"orthographic":false}