{"cameraMode":{"drawMode":0,"name":"Shaded","section":"Shading Mode"},"sceneLighting":true,"audioPlay":false,"sceneViewState":{"showFog":true,"showMaterialUpdate":false,"showSkybox":true,"showFlares":true,"showImageEffects":true,"showParticleSystems":true,"showVisualEffectGraphs":true,"m_FxEnabled":true},"in2DMode":false,"pivot":{"x":51.38859939575195,"y":1.8296732902526856,"z":-0.5146675109863281},"rotation":{"x":0.16424348950386048,"y":0.010951098054647446,"z":-0.0018209604313597084,"w":0.98636394739151},"size":15.941306114196778,"orthographic":false}