{"cameraMode":{"drawMode":0,"name":"Shaded","section":"Shading Mode"},"sceneLighting":true,"audioPlay":false,"sceneViewState":{"showFog":true,"showMaterialUpdate":false,"showSkybox":true,"showFlares":true,"showImageEffects":true,"showParticleSystems":true,"showVisualEffectGraphs":true,"m_FxEnabled":true},"in2DMode":false,"pivot":{"x":-193.56417846679688,"y":-44.83755111694336,"z":-0.7870578765869141},"rotation":{"x":-0.025313183665275575,"y":-0.19458772242069245,"z":0.005023326259106398,"w":-0.9805454611778259},"size":12.610275268554688,"orthographic":false}