{"cameraMode":{"drawMode":0,"name":"Shaded","section":"Shading Mode"},"sceneLighting":true,"audioPlay":false,"sceneViewState":{"showFog":true,"showMaterialUpdate":false,"showSkybox":true,"showFlares":true,"showImageEffects":true,"showParticleSystems":true,"showVisualEffectGraphs":true,"m_FxEnabled":true},"in2DMode":false,"pivot":{"x":4.789924621582031,"y":2.7985615730285646,"z":-0.4019065499305725},"rotation":{"x":0.014847817830741406,"y":-0.14200332760810853,"z":0.0021310371812433006,"w":0.9897595643997192},"size":6.012445449829102,"orthographic":true}