{"cameraMode":{"drawMode":0,"name":"Shaded","section":"Shading Mode"},"sceneLighting":true,"audioPlay":false,"sceneViewState":{"showFog":true,"showMaterialUpdate":false,"showSkybox":true,"showFlares":true,"showImageEffects":true,"showParticleSystems":true,"showVisualEffectGraphs":true,"m_FxEnabled":true},"in2DMode":false,"pivot":{"x":55.237937927246097,"y":1.7076704502105713,"z":-4.19529914855957},"rotation":{"x":0.4151313006877899,"y":-0.00791381299495697,"z":0.0036096691619604828,"w":0.9097310900688171},"size":2.223320722579956,"orthographic":false}