{"cameraMode":{"drawMode":0,"name":"Shaded","section":"Shading Mode"},"sceneLighting":true,"audioPlay":false,"sceneViewState":{"showFog":true,"showMaterialUpdate":false,"showSkybox":true,"showFlares":true,"showImageEffects":true,"showParticleSystems":true,"showVisualEffectGraphs":true,"m_FxEnabled":true},"in2DMode":false,"pivot":{"x":-2.0644073486328127,"y":42.00252151489258,"z":89.640380859375},"rotation":{"x":-0.012309130281209946,"y":-0.003902010153979063,"z":0.00004803056799573824,"w":-0.9999161958694458},"size":32.42978286743164,"orthographic":false}