{"cameraMode":{"drawMode":0,"name":"Shaded","section":"Shading Mode"},"sceneLighting":true,"audioPlay":false,"sceneViewState":{"showFog":true,"showMaterialUpdate":false,"showSkybox":true,"showFlares":true,"showImageEffects":true,"showParticleSystems":true,"showVisualEffectGraphs":true,"m_FxEnabled":true},"in2DMode":false,"pivot":{"x":-13.531312942504883,"y":0.2655296325683594,"z":82.68994140625},"rotation":{"x":-0.07822927087545395,"y":-0.0023957842495292427,"z":0.00018785115389619023,"w":-0.9969329833984375},"size":64.29265594482422,"orthographic":false}