{"cameraMode":{"drawMode":0,"name":"Shaded","section":"Shading Mode"},"sceneLighting":false,"audioPlay":false,"sceneViewState":{"showFog":true,"showMaterialUpdate":false,"showSkybox":false,"showFlares":true,"showImageEffects":true,"showParticleSystems":true,"showVisualEffectGraphs":true,"m_FxEnabled":true},"in2DMode":false,"pivot":{"x":0.3923216462135315,"y":0.3846514821052551,"z":-0.11260233074426651},"rotation":{"x":-0.07822927087545395,"y":-0.0023957842495292427,"z":0.00018785115389619023,"w":-0.9969329833984375},"size":1.89054536819458,"orthographic":false}