{"cameraMode":{"drawMode":0,"name":"Shaded","section":"Shading Mode"},"sceneLighting":true,"audioPlay":false,"sceneViewState":{"showFog":true,"showMaterialUpdate":false,"showSkybox":true,"showFlares":true,"showImageEffects":true,"showParticleSystems":true,"showVisualEffectGraphs":true,"m_FxEnabled":true},"in2DMode":false,"pivot":{"x":-72.02403259277344,"y":-14.184112548828125,"z":41.89814758300781},"rotation":{"x":-0.15268750488758088,"y":0.016895916312932969,"z":-0.002610825700685382,"w":-0.9881270527839661},"size":59.93587875366211,"orthographic":false}