{"cameraMode":{"drawMode":0,"name":"Shaded","section":"Shading Mode"},"sceneLighting":true,"audioPlay":false,"sceneViewState":{"showFog":true,"showMaterialUpdate":false,"showSkybox":true,"showFlares":true,"showImageEffects":true,"showParticleSystems":true,"showVisualEffectGraphs":true,"m_FxEnabled":true},"in2DMode":false,"pivot":{"x":-0.27315738797187807,"y":5.774843692779541,"z":-0.053832799196243289},"rotation":{"x":0.6837580800056458,"y":0.010942665860056878,"z":-0.010257543995976448,"w":0.7295623421669006},"size":2.4678797721862795,"orthographic":false}