{"cameraMode":{"drawMode":0,"name":"Shaded","section":"Shading Mode"},"sceneLighting":true,"audioPlay":false,"sceneViewState":{"showFog":true,"showMaterialUpdate":false,"showSkybox":true,"showFlares":true,"showImageEffects":true,"showParticleSystems":true,"showVisualEffectGraphs":true,"m_FxEnabled":true},"in2DMode":false,"pivot":{"x":-191.64138793945313,"y":-67.31023406982422,"z":15.874038696289063},"rotation":{"x":-0.41212141513824465,"y":-0.010388935916125775,"z":0.0046989331021904949,"w":-0.911059558391571},"size":77.00585174560547,"orthographic":false}