{"cameraMode":{"drawMode":0,"name":"Shaded","section":"Shading Mode"},"sceneLighting":true,"audioPlay":false,"sceneViewState":{"showFog":true,"showMaterialUpdate":false,"showSkybox":true,"showFlares":true,"showImageEffects":true,"showParticleSystems":true,"showVisualEffectGraphs":true,"m_FxEnabled":true},"in2DMode":false,"pivot":{"x":-0.00208967924118042,"y":0.0904143750667572,"z":-0.12715482711791993},"rotation":{"x":0.06806205213069916,"y":-0.8962692022323608,"z":0.14786013960838319,"w":0.4125659763813019},"size":5.894444942474365,"orthographic":false}