{"cameraMode":{"drawMode":0,"name":"Shaded","section":"Shading Mode"},"sceneLighting":true,"audioPlay":false,"sceneViewState":{"showFog":true,"showMaterialUpdate":false,"showSkybox":true,"showFlares":true,"showImageEffects":true,"showParticleSystems":true,"showVisualEffectGraphs":true,"m_FxEnabled":true},"in2DMode":false,"pivot":{"x":-0.07742786407470703,"y":7.371303558349609,"z":-0.30755773186683657},"rotation":{"x":0.14046348631381989,"y":-0.031182797625660898,"z":0.004426604136824608,"w":0.9895857572555542},"size":4.989977836608887,"orthographic":false}