{"cameraMode":{"drawMode":0,"name":"Shaded","section":"Shading Mode"},"sceneLighting":true,"audioPlay":false,"sceneViewState":{"showFog":true,"showMaterialUpdate":false,"showSkybox":true,"showFlares":true,"showImageEffects":true,"showParticleSystems":true,"showVisualEffectGraphs":true,"m_FxEnabled":true},"in2DMode":false,"pivot":{"x":-17.383468627929689,"y":0.8607221245765686,"z":2.6089324951171877},"rotation":{"x":-0.20219236612319947,"y":0.40212342143058779,"z":-0.09153260290622711,"w":-0.8882774114608765},"size":7.731109619140625,"orthographic":false}