{"cameraMode":{"drawMode":0,"name":"Shaded","section":"Shading Mode"},"sceneLighting":false,"audioPlay":false,"sceneViewState":{"showFog":true,"showMaterialUpdate":false,"showSkybox":false,"showFlares":true,"showImageEffects":true,"showParticleSystems":true,"showVisualEffectGraphs":true,"m_FxEnabled":true},"in2DMode":false,"pivot":{"x":0.41348057985305788,"y":0.6100133657455444,"z":-0.15959566831588746},"rotation":{"x":-0.08394904434680939,"y":0.9092896580696106,"z":-0.22426462173461915,"w":-0.3403894007205963},"size":0.26989346742630007,"orthographic":false}