{"cameraMode":{"drawMode":0,"name":"Shaded","section":"Shading Mode"},"sceneLighting":false,"audioPlay":false,"sceneViewState":{"showFog":true,"showMaterialUpdate":false,"showSkybox":false,"showFlares":true,"showImageEffects":true,"showParticleSystems":true,"showVisualEffectGraphs":true,"m_FxEnabled":true},"in2DMode":false,"pivot":{"x":-217.77590942382813,"y":-43.66157531738281,"z":1.9000320434570313},"rotation":{"x":-0.3567691445350647,"y":-0.0036461332347244026,"z":0.001392250880599022,"w":-0.9341842532157898},"size":12.787456512451172,"orthographic":false}