{"cameraMode":{"drawMode":0,"name":"Shaded","section":"Shading Mode"},"sceneLighting":true,"audioPlay":false,"sceneViewState":{"showFog":true,"showMaterialUpdate":false,"showSkybox":true,"showFlares":true,"showImageEffects":true,"showParticleSystems":true,"showVisualEffectGraphs":true,"m_FxEnabled":true},"in2DMode":false,"pivot":{"x":-217.77590942382813,"y":-43.66157531738281,"z":-3.312852382659912},"rotation":{"x":-0.13634313642978669,"y":0.024364864453673364,"z":-0.003354243701323867,"w":-0.9903614521026611},"size":23.743728637695314,"orthographic":false}