{"cameraMode":{"drawMode":0,"name":"Shaded","section":"Shading Mode"},"sceneLighting":false,"audioPlay":false,"sceneViewState":{"showFog":true,"showMaterialUpdate":false,"showSkybox":false,"showFlares":true,"showImageEffects":true,"showParticleSystems":true,"showVisualEffectGraphs":true,"m_FxEnabled":true},"in2DMode":false,"pivot":{"x":0.3425893187522888,"y":0.6015318036079407,"z":-9.238719940185547e-7},"rotation":{"x":-0.07822927087545395,"y":-0.0023957842495292427,"z":0.00018785115389619023,"w":-0.9969329833984375},"size":1.1701217889785767,"orthographic":false}