{"cameraMode":{"drawMode":0,"name":"Shaded","section":"Shading Mode"},"sceneLighting":false,"audioPlay":false,"sceneViewState":{"showFog":true,"showMaterialUpdate":false,"showSkybox":false,"showFlares":true,"showImageEffects":true,"showParticleSystems":true,"showVisualEffectGraphs":true,"m_FxEnabled":true},"in2DMode":false,"pivot":{"x":0.007025659084320068,"y":0.6015317440032959,"z":-9.238719940185547e-7},"rotation":{"x":-0.19096535444259644,"y":-0.24103815853595735,"z":0.04843661189079285,"w":-0.9503094553947449},"size":0.940054714679718,"orthographic":false}