{"cameraMode":{"drawMode":0,"name":"Shaded","section":"Shading Mode"},"sceneLighting":false,"audioPlay":false,"sceneViewState":{"showFog":true,"showMaterialUpdate":false,"showSkybox":false,"showFlares":true,"showImageEffects":true,"showParticleSystems":true},"in2DMode":false,"pivot":{"x":1.6595654487609864,"y":0.08139783143997193,"z":0.0821385383605957},"rotation":{"x":-0.16529133915901185,"y":0.04523339495062828,"z":-0.007623347453773022,"w":-0.9852877855300903},"size":0.9516119360923767,"orthographic":false}