{"cameraMode":{"drawMode":0,"name":"Shaded","section":"Shading Mode"},"sceneLighting":true,"audioPlay":false,"sceneViewState":{"showFog":true,"showMaterialUpdate":false,"showSkybox":true,"showFlares":true,"showImageEffects":true,"showParticleSystems":true},"in2DMode":false,"pivot":{"x":0.23343642055988313,"y":1.0703938007354737,"z":0.35505014657974245},"rotation":{"x":-0.07947458326816559,"y":0.8592516779899597,"z":-0.1407054215669632,"w":-0.48537808656692507},"size":0.3073950409889221,"orthographic":false}