{"cameraMode":{"drawMode":0,"name":"Shaded","section":"Shading Mode"},"sceneLighting":true,"audioPlay":false,"sceneViewState":{"showFog":true,"showMaterialUpdate":false,"showSkybox":true,"showFlares":true,"showImageEffects":true,"showParticleSystems":true},"in2DMode":false,"pivot":{"x":2.8499999046325685,"y":2.490000009536743,"z":0.23000000417232514},"rotation":{"x":-0.21707072854042054,"y":0.6455389857292175,"z":-0.19885319471359254,"w":-0.7047221660614014},"size":10.0,"orthographic":false}