{"cameraMode":{"drawMode":0,"name":"Shaded","section":"Shading Mode"},"sceneLighting":false,"audioPlay":false,"sceneViewState":{"showFog":true,"showMaterialUpdate":false,"showSkybox":false,"showFlares":true,"showImageEffects":true,"showParticleSystems":true},"in2DMode":false,"pivot":{"x":0.6136434674263,"y":0.8181630373001099,"z":0.5024604201316834},"rotation":{"x":0.48318561911582949,"y":-0.007607531733810902,"z":0.00419923709705472,"w":0.8754767775535584},"size":0.6073950529098511,"orthographic":false}