{"cameraMode":{"drawMode":0,"name":"Shaded","section":"Shading Mode"},"sceneLighting":true,"audioPlay":false,"sceneViewState":{"showFog":true,"showMaterialUpdate":false,"showSkybox":true,"showFlares":true,"showImageEffects":true,"showParticleSystems":true},"in2DMode":false,"pivot":{"x":-1.9779434204101563,"y":-4.53041934967041,"z":16.35988998413086},"rotation":{"x":-0.22167110443115235,"y":0.6783856749534607,"z":-0.22693493962287904,"w":-0.6626995205879211},"size":14.557547569274903,"orthographic":false}