{"cameraMode":{"drawMode":0,"name":"Shaded","section":"Shading Mode"},"sceneLighting":true,"audioPlay":false,"sceneViewState":{"showFog":true,"showMaterialUpdate":false,"showSkybox":false,"showFlares":true,"showImageEffects":true,"showParticleSystems":true},"in2DMode":false,"pivot":{"x":-10.678604125976563,"y":12.12965202331543,"z":25.0},"rotation":{"x":-0.07947458326816559,"y":0.8592516779899597,"z":-0.1407054215669632,"w":-0.48537808656692507},"size":152.5699005126953,"orthographic":false}