{"cameraMode":{"drawMode":0,"name":"Shaded","section":"Shading Mode"},"sceneLighting":true,"audioPlay":false,"sceneViewState":{"showFog":true,"showMaterialUpdate":false,"showSkybox":true,"showFlares":true,"showImageEffects":true,"showParticleSystems":true},"in2DMode":false,"pivot":{"x":-0.7162259817123413,"y":0.6243436932563782,"z":-2.825587272644043},"rotation":{"x":0.009153619408607483,"y":-0.9888172745704651,"z":0.06864605098962784,"w":0.13221701979637147},"size":2.242594003677368,"orthographic":false}