{"cameraMode":{"drawMode":0,"name":"Shaded","section":"Shading Mode"},"sceneLighting":true,"audioPlay":false,"sceneViewState":{"showFog":true,"showMaterialUpdate":false,"showSkybox":true,"showFlares":true,"showImageEffects":true,"showParticleSystems":true},"in2DMode":false,"pivot":{"x":0.002529442310333252,"y":1.0712629556655884,"z":-0.7883757948875427},"rotation":{"x":-0.21707072854042054,"y":0.6455389857292175,"z":-0.19885319471359254,"w":-0.7047221660614014},"size":1.553379774093628,"orthographic":false}