{"cameraMode":{"drawMode":0,"name":"Shaded","section":"Shading Mode"},"sceneLighting":true,"audioPlay":false,"sceneViewState":{"showFog":true,"showMaterialUpdate":false,"showSkybox":true,"showFlares":true,"showImageEffects":true,"showParticleSystems":true},"in2DMode":false,"pivot":{"x":0.20392616093158723,"y":0.7196744680404663,"z":5.982809543609619},"rotation":{"x":0.11197616904973984,"y":0.016116132959723474,"z":-0.001769146416336298,"w":0.9936879873275757},"size":3.8583905696868898,"orthographic":false}