{"cameraMode":{"drawMode":0,"name":"Shaded","section":"Shading Mode"},"sceneLighting":true,"audioPlay":false,"sceneViewState":{"showFog":true,"showMaterialUpdate":false,"showSkybox":true,"showFlares":true,"showImageEffects":true,"showParticleSystems":true},"in2DMode":false,"pivot":{"x":-1.6535452604293824,"y":0.8971508741378784,"z":2.281802177429199},"rotation":{"x":-0.070595383644104,"y":0.3906567096710205,"z":-0.0300736203789711,"w":-0.9173404574394226},"size":1.9550254344940186,"orthographic":false}