{"cameraMode":{"drawMode":0,"name":"Shaded","section":"Shading Mode"},"sceneLighting":true,"audioPlay":false,"sceneViewState":{"showFog":true,"showMaterialUpdate":false,"showSkybox":true,"showFlares":true,"showImageEffects":true,"showParticleSystems":true},"in2DMode":false,"pivot":{"x":0.054993391036987308,"y":0.9035891890525818,"z":-0.05048029124736786},"rotation":{"x":-0.25652918219566347,"y":-0.17202745378017426,"z":0.046422068029642108,"w":-0.950084924697876},"size":1.3234511613845826,"orthographic":false}