{"cameraMode":{"drawMode":0,"name":"Shaded","section":"Shading Mode"},"sceneLighting":false,"audioPlay":false,"sceneViewState":{"showFog":true,"showMaterialUpdate":false,"showSkybox":false,"showFlares":true,"showImageEffects":true,"showParticleSystems":true,"showVisualEffectGraphs":true,"m_FxEnabled":true},"in2DMode":false,"pivot":{"x":-0.0020897388458251955,"y":3.090414047241211,"z":-0.12715482711791993},"rotation":{"x":0.07950598746538162,"y":0.3084618151187897,"z":-0.02588205225765705,"w":0.9475685954093933},"size":4.690415859222412,"orthographic":false}