{"cameraMode":{"drawMode":0,"name":"Shaded","section":"Shading Mode"},"sceneLighting":false,"audioPlay":false,"sceneViewState":{"showFog":true,"showMaterialUpdate":false,"showSkybox":false,"showFlares":true,"showImageEffects":true,"showParticleSystems":true,"showVisualEffectGraphs":true,"m_FxEnabled":true},"in2DMode":false,"pivot":{"x":-0.0020897388458251955,"y":3.090414047241211,"z":-0.12715482711791993},"rotation":{"x":-0.39962878823280337,"y":-0.2894466519355774,"z":0.13461081683635713,"w":-0.8593007326126099},"size":4.690415859222412,"orthographic":false}