{"cameraMode":{"drawMode":0,"name":"Shaded","section":"Shading Mode"},"sceneLighting":false,"audioPlay":false,"sceneViewState":{"showFog":true,"showMaterialUpdate":false,"showSkybox":false,"showFlares":true,"showImageEffects":true,"showParticleSystems":true,"showVisualEffectGraphs":true,"m_FxEnabled":true},"in2DMode":false,"pivot":{"x":2.384185791015625e-7,"y":1.3848841190338135,"z":-0.0997464656829834},"rotation":{"x":0.4151313006877899,"y":-0.00791381299495697,"z":0.0036096691619604828,"w":0.9097310900688171},"size":3.8832151889801027,"orthographic":false}