{"cameraMode":{"drawMode":0,"name":"Shaded","section":"Shading Mode"},"sceneLighting":true,"audioPlay":false,"sceneViewState":{"showFog":true,"showMaterialUpdate":false,"showSkybox":true,"showFlares":true,"showImageEffects":true,"showParticleSystems":true,"showVisualEffectGraphs":true,"m_FxEnabled":true},"in2DMode":false,"pivot":{"x":250.74356079101563,"y":226.06048583984376,"z":-151.0397186279297},"rotation":{"x":-0.12741509079933167,"y":0.027672257274389268,"z":-0.0036705564707517626,"w":-0.9915019869804382},"size":265.6551513671875,"orthographic":true}