{"cameraMode":{"drawMode":0,"name":"Shaded","section":"Shading Mode"},"sceneLighting":false,"audioPlay":false,"sceneViewState":{"showFog":true,"showMaterialUpdate":false,"showSkybox":false,"showFlares":true,"showImageEffects":true,"showParticleSystems":true,"showVisualEffectGraphs":true,"m_FxEnabled":true},"in2DMode":false,"pivot":{"x":-0.0000032186508178710939,"y":1.084795355796814,"z":-1.0573722124099732},"rotation":{"x":-0.07196734100580216,"y":-0.08756066858768463,"z":0.006342015694826841,"w":-0.9935381412506104},"size":3.9876317977905275,"orthographic":false}