{"cameraMode":{"drawMode":0,"name":"Shaded","section":"Shading Mode"},"sceneLighting":true,"audioPlay":false,"sceneViewState":{"showFog":true,"showMaterialUpdate":false,"showSkybox":true,"showFlares":true,"showImageEffects":true,"showParticleSystems":true,"showVisualEffectGraphs":true,"m_FxEnabled":true},"in2DMode":false,"pivot":{"x":21.845775604248048,"y":7.981096267700195,"z":4.0215582847595219},"rotation":{"x":0.41513535380363467,"y":0.009288339875638485,"z":-0.0042409454472362999,"w":0.909716784954071},"size":18.605798721313478,"orthographic":false}