{"cameraMode":{"drawMode":0,"name":"Shaded","section":"Shading Mode"},"sceneLighting":true,"audioPlay":false,"sceneViewState":{"showFog":true,"showMaterialUpdate":false,"showSkybox":true,"showFlares":true,"showImageEffects":true,"showParticleSystems":true,"showVisualEffectGraphs":true,"m_FxEnabled":true},"in2DMode":false,"pivot":{"x":57.62199401855469,"y":5.105734825134277,"z":0.39395904541015627},"rotation":{"x":-0.044001489877700809,"y":0.7159144878387451,"z":-0.04504002258181572,"w":-0.6955403089523315},"size":12.124354362487793,"orthographic":false}