{"cameraMode":{"drawMode":0,"name":"Shaded","section":"Shading Mode"},"sceneLighting":true,"audioPlay":false,"sceneViewState":{"showFog":true,"showMaterialUpdate":false,"showSkybox":true,"showFlares":true,"showImageEffects":true,"showParticleSystems":true,"showVisualEffectGraphs":true,"m_FxEnabled":true},"in2DMode":false,"pivot":{"x":57.038944244384769,"y":-0.8570828437805176,"z":-4.479238986968994},"rotation":{"x":0.5145384669303894,"y":0.019041135907173158,"z":-0.011431734077632428,"w":0.8571945428848267},"size":8.755514144897461,"orthographic":false}