{"cameraMode":{"drawMode":0,"name":"Shaded","section":"Shading Mode"},"sceneLighting":true,"audioPlay":false,"sceneViewState":{"showFog":true,"showMaterialUpdate":false,"showSkybox":true,"showFlares":true,"showImageEffects":true,"showParticleSystems":true,"showVisualEffectGraphs":true,"m_FxEnabled":true},"in2DMode":false,"pivot":{"x":-6.950337886810303,"y":0.5393140912055969,"z":0.8985891938209534},"rotation":{"x":0.1125703901052475,"y":-0.0011827114503830672,"z":0.00013523684174288064,"w":0.9936484098434448},"size":7.000361919403076,"orthographic":false}