{"cameraMode":{"drawMode":0,"name":"Shaded","section":"Shading Mode"},"sceneLighting":true,"audioPlay":false,"sceneViewState":{"showFog":true,"showMaterialUpdate":false,"showSkybox":true,"showFlares":true,"showImageEffects":true,"showParticleSystems":true,"showVisualEffectGraphs":true,"m_FxEnabled":true},"in2DMode":false,"pivot":{"x":-212.07772827148438,"y":-49.005645751953128,"z":18.2264404296875},"rotation":{"x":-0.15118108689785005,"y":-0.024613426998257638,"z":0.003767580259591341,"w":-0.9881947636604309},"size":15.371898651123047,"orthographic":false}