{"cameraMode":{"drawMode":0,"name":"Shaded","section":"Shading Mode"},"sceneLighting":false,"audioPlay":false,"sceneViewState":{"showFog":true,"showMaterialUpdate":false,"showSkybox":false,"showFlares":true,"showImageEffects":true,"showParticleSystems":true,"showVisualEffectGraphs":true,"m_FxEnabled":true},"in2DMode":false,"pivot":{"x":0.11164665222167969,"y":2.121650218963623,"z":0.4914438724517822},"rotation":{"x":-0.005999862682074308,"y":-0.0023983761202543976,"z":-0.000011757706488424446,"w":0.9999857544898987},"size":4.586001873016357,"orthographic":false}