{"cameraMode":{"drawMode":0,"name":"Shaded","section":"Shading Mode"},"sceneLighting":false,"audioPlay":false,"sceneViewState":{"showFog":true,"showMaterialUpdate":false,"showSkybox":false,"showFlares":true,"showImageEffects":true,"showParticleSystems":true,"showVisualEffectGraphs":true,"m_FxEnabled":true},"in2DMode":false,"pivot":{"x":-0.026012465357780458,"y":0.06589317321777344,"z":0.03389589488506317},"rotation":{"x":-0.08575454354286194,"y":0.3437935709953308,"z":-0.03154684975743294,"w":-0.9345951676368713},"size":0.8667108416557312,"orthographic":false}