{"cameraMode":{"drawMode":0,"name":"Shaded","section":"Shading Mode"},"sceneLighting":false,"audioPlay":false,"sceneViewState":{"showFog":true,"showMaterialUpdate":false,"showSkybox":false,"showFlares":true,"showImageEffects":true,"showParticleSystems":true,"showVisualEffectGraphs":true,"m_FxEnabled":true},"in2DMode":false,"pivot":{"x":-0.1969120353460312,"y":0.23534268140792848,"z":0.0605313777923584},"rotation":{"x":-0.005720454268157482,"y":-0.9765057563781738,"z":0.21395942568778993,"w":-0.026082683354616166},"size":1.294405221939087,"orthographic":false}