{"cameraMode":{"drawMode":0,"name":"Shaded","section":"Shading Mode"},"sceneLighting":false,"audioPlay":false,"sceneViewState":{"showFog":true,"showMaterialUpdate":false,"showSkybox":false,"showFlares":true,"showImageEffects":true,"showParticleSystems":true,"showVisualEffectGraphs":true,"m_FxEnabled":true},"in2DMode":false,"pivot":{"x":-0.02318418025970459,"y":1.7328343391418458,"z":-1.042575478553772},"rotation":{"x":-0.07196734100580216,"y":-0.08756066858768463,"z":0.006342015694826841,"w":-0.9935381412506104},"size":3.1954517364501955,"orthographic":false}