{"cameraMode":{"drawMode":0,"name":"Shaded","section":"Shading Mode"},"sceneLighting":false,"audioPlay":false,"sceneViewState":{"showFog":true,"showMaterialUpdate":false,"showSkybox":false,"showFlares":true,"showImageEffects":true,"showParticleSystems":true,"showVisualEffectGraphs":true,"m_FxEnabled":true},"in2DMode":false,"pivot":{"x":2.269662380218506,"y":3.6978421211242677,"z":1.382894515991211},"rotation":{"x":0.0587751641869545,"y":0.0018067436758428813,"z":-0.00010545873374212533,"w":0.9982736706733704},"size":2.1124978065490724,"orthographic":false}