{"cameraMode":{"drawMode":0,"name":"Shaded","section":"Shading Mode"},"sceneLighting":false,"audioPlay":false,"sceneViewState":{"showFog":true,"showMaterialUpdate":false,"showSkybox":false,"showFlares":true,"showImageEffects":true,"showParticleSystems":true,"showVisualEffectGraphs":true,"m_FxEnabled":true},"in2DMode":false,"pivot":{"x":-0.0397038459777832,"y":1.7178728580474854,"z":-2.415942430496216},"rotation":{"x":-0.005999862682074308,"y":-0.0023983761202543976,"z":-0.000011757706488424446,"w":0.9999857544898987},"size":9.868263244628907,"orthographic":false}