{"cameraMode":{"drawMode":0,"name":"Shaded","section":"Shading Mode"},"sceneLighting":false,"audioPlay":false,"sceneViewState":{"showFog":true,"showMaterialUpdate":false,"showSkybox":false,"showFlares":true,"showImageEffects":true,"showParticleSystems":true,"showVisualEffectGraphs":true,"m_FxEnabled":true},"in2DMode":false,"pivot":{"x":-0.0208967924118042,"y":0.9041438102722168,"z":-1.2715485095977784},"rotation":{"x":0.34706413745880129,"y":-0.10324002802371979,"z":0.038485731929540637,"w":0.9313740134239197},"size":4.934131622314453,"orthographic":false}