{"cameraMode":{"drawMode":0,"name":"Shaded","section":"Shading Mode"},"sceneLighting":true,"audioPlay":false,"sceneViewState":{"showFog":true,"showMaterialUpdate":false,"showSkybox":true,"showFlares":true,"showImageEffects":true,"showParticleSystems":true},"in2DMode":false,"pivot":{"x":4.821633815765381,"y":0.10864460468292237,"z":4.759939670562744},"rotation":{"x":0.1117616668343544,"y":0.29490798711776736,"z":-0.03475497290492058,"w":0.9483341574668884},"size":4.287458419799805,"orthographic":false}