{"cameraMode":{"drawMode":0,"name":"Shaded","section":"Shading Mode"},"sceneLighting":true,"audioPlay":false,"sceneViewState":{"showFog":true,"showMaterialUpdate":false,"showSkybox":true,"showFlares":true,"showImageEffects":true,"showParticleSystems":true},"in2DMode":false,"pivot":{"x":-0.061508238315582278,"y":1.0128753185272217,"z":10.0},"rotation":{"x":-0.01884581334888935,"y":0.0743250921368599,"z":-0.0013941626530140639,"w":-0.997062623500824},"size":1.524234652519226,"orthographic":false}