{"cameraMode":{"drawMode":0,"name":"Shaded","section":"Shading Mode"},"sceneLighting":true,"audioPlay":false,"sceneViewState":{"showFog":true,"showMaterialUpdate":false,"showSkybox":false,"showFlares":true,"showImageEffects":true,"showParticleSystems":true},"in2DMode":false,"pivot":{"x":-2.5803489685058595,"y":5.722806930541992,"z":25.0},"rotation":{"x":-0.12066005170345307,"y":0.1521645188331604,"z":-0.018664777278900148,"w":-0.9807989597320557},"size":111.14576721191406,"orthographic":false}