{"cameraMode":{"drawMode":0,"name":"Shaded","section":"Shading Mode"},"sceneLighting":true,"audioPlay":false,"sceneViewState":{"showFog":true,"showMaterialUpdate":false,"showSkybox":true,"showFlares":true,"showImageEffects":true,"showParticleSystems":true},"in2DMode":false,"pivot":{"x":0.4978233575820923,"y":0.6044342517852783,"z":10.0},"rotation":{"x":-0.09950117021799088,"y":0.18341000378131867,"z":-0.018609412014484407,"w":-0.9778248071670532},"size":2.1472113132476808,"orthographic":false}