{"cameraMode":{"drawMode":0,"name":"Shaded","section":"Shading Mode"},"sceneLighting":true,"audioPlay":false,"sceneViewState":{"showFog":true,"showMaterialUpdate":false,"showSkybox":true,"showFlares":true,"showImageEffects":true,"showParticleSystems":true},"in2DMode":false,"pivot":{"x":-2.8609890937805177,"y":1.9692039489746094,"z":-5.395151615142822},"rotation":{"x":-0.2416781783103943,"y":0.6510715484619141,"z":-0.23090167343616486,"w":-0.6814602613449097},"size":5.312793731689453,"orthographic":false}