{"cameraMode":{"drawMode":0,"name":"Shaded","section":"Shading Mode"},"sceneLighting":true,"audioPlay":false,"sceneViewState":{"showFog":true,"showMaterialUpdate":false,"showSkybox":true,"showFlares":true,"showImageEffects":true,"showParticleSystems":true},"in2DMode":false,"pivot":{"x":-0.23826739192008973,"y":0.2518680989742279,"z":0.6507323980331421},"rotation":{"x":0.42266446352005007,"y":-0.020388392731547357,"z":0.009512325748801232,"w":0.9060099720954895},"size":2.8986122608184816,"orthographic":false}