{"cameraMode":{"drawMode":0,"name":"Shaded","section":"Shading Mode"},"sceneLighting":false,"audioPlay":false,"sceneViewState":{"showFog":true,"showMaterialUpdate":false,"showSkybox":false,"showFlares":true,"showImageEffects":true,"showParticleSystems":true},"in2DMode":false,"pivot":{"x":337.73406982421877,"y":222.48143005371095,"z":-27.96875},"rotation":{"x":0.42266446352005007,"y":-0.020388392731547357,"z":0.009512325748801232,"w":0.9060099720954895},"size":0.8660253882408142,"orthographic":false}