{"cameraMode":{"drawMode":0,"name":"Shaded","section":"Shading Mode"},"sceneLighting":false,"audioPlay":false,"sceneViewState":{"showFog":true,"showMaterialUpdate":false,"showSkybox":false,"showFlares":true,"showImageEffects":true,"showParticleSystems":true},"in2DMode":false,"pivot":{"x":337.73406982421877,"y":222.48143005371095,"z":-27.96875},"rotation":{"x":0.35732874274253847,"y":0.1269172728061676,"z":-0.049080539494752887,"w":0.924014687538147},"size":0.8660253882408142,"orthographic":false}