{"cameraMode":{"drawMode":0,"name":"Shaded","section":"Shading Mode"},"sceneLighting":false,"audioPlay":false,"sceneViewState":{"showFog":true,"showMaterialUpdate":false,"showSkybox":false,"showFlares":true,"showImageEffects":true,"showParticleSystems":true,"showVisualEffectGraphs":true,"m_FxEnabled":true},"in2DMode":false,"pivot":{"x":0.11164665222167969,"y":3.7716503143310549,"z":0.5191351175308228},"rotation":{"x":0.058751869946718219,"y":-0.02813778817653656,"z":0.0016575796762481332,"w":0.9978785514831543},"size":4.603318214416504,"orthographic":false}